{
  "FP3O_Safety_True": [
    -9449.20178621464,
    -9449.20178621464,
    -9449.20178621464,
    -9449.20178621464,
    -9449.20178621464,
    -9449.20178621464,
    -9449.20178621464,
    -9449.20178621464,
    -9449.20178621464,
    -9449.20178621464
  ],
  "IPPO_Safety_False": [
    -95.91515318969974,
    -111.79213440703101,
    -111.79213440703101,
    -111.79213440703101,
    -111.79213440703101,
    -111.79213440703101,
    -111.79213440703101,
    -111.79213440703101,
    -111.79213440703101,
    -111.79213440703101
  ]
}