{
  "FP3O_Safety_True": [
    -16.750695452454746,
    -18.62355176495622,
    -18.62355176495622,
    -18.62355176495622,
    -18.62355176495622,
    -18.62355176495622,
    -18.62355176495622,
    -18.62355176495622,
    -18.62355176495622,
    -18.62355176495622
  ],
  "IPPO_Safety_False": [
    -95.91515318969974,
    -111.79213440703101,
    -111.79213440703101,
    -111.79213440703101,
    -111.79213440703101,
    -111.79213440703101,
    -111.79213440703101,
    -111.79213440703101,
    -111.79213440703101,
    -111.79213440703101
  ]
}