{
  "FP3O_Safety_True": [
    -197.33531817626925,
    -191.15431006611516,
    -191.15431006611516
  ],
  "IPPO_Safety_False": [
    -95.91515318969974,
    -111.79213440703101,
    -111.79213440703101,
    -111.79213440703101,
    -111.79213440703101,
    -111.79213440703101,
    -111.79213440703101,
    -111.79213440703101,
    -111.79213440703101,
    -111.79213440703101
  ]
}