{
  "FP3O_Safety_True": [
    -9039.492264086623
  ],
  "IPPO_Safety_False": [
    -95.91515318969974,
    -111.79213440703101,
    -111.79213440703101,
    -111.79213440703101,
    -111.79213440703101,
    -111.79213440703101,
    -111.79213440703101,
    -111.79213440703101,
    -111.79213440703101,
    -111.79213440703101
  ]
}